Nr,URL,Seite,SEO Titel,Meta Description,Zeichenanzahl Titel,Zeichenanzahl Desc
1,/,HomePage,"Square IT AG Zürich - IT-Dienstleistungen & Consulting","Square IT AG: Ihr IT-Partner in Zürich für Managed Services, Microsoft 365, Azure Migration und IT-Consulting. Professionelle IT-Lösungen seit über 15 Jahren.",48,144
2,/about,AboutPage,"Über Square IT - IT-Experten aus Zürich","Lernen Sie Square IT kennen: Ihr vertrauensvoller IT-Partner in Zürich mit über 15 Jahren Erfahrung in IT-Services, Cloud-Lösungen und digitalem Wandel.",38,147
3,/careers,CareersPage,"Karriere bei Square IT Zürich - IT Jobs","Werden Sie Teil des Square IT Teams! Entdecken Sie spannende Karrieremöglichkeiten in der IT-Branche bei Zürichs führendem IT-Dienstleister.",43,144
4,/contact,ContactPage,"Kontakt Square IT Zürich - IT Beratung","Kontaktieren Sie Square IT für professionelle IT-Beratung in Zürich. Wir unterstützen Sie bei Managed Services, Cloud-Migration und digitaler Transformation.",47,153
5,/industries,IndustriesPage,"Branchen & Industrien - Square IT Zürich","Square IT unterstützt Unternehmen aller Branchen: Schulen, NGOs, Finanzwesen, Gesundheitswesen und Treuhänder mit maßgeschneiderten IT-Lösungen.",44,151
6,/privacy,PrivacyPage,"Datenschutz - Square IT AG Zürich","Datenschutzerklärung der Square IT AG: Informationen zum Umgang mit Ihren persönlichen Daten und Datenschutzbestimmungen.",35,136
7,/services,ServicesPage,"IT-Services & Managed Services - Square IT","Entdecken Sie unsere IT-Services: Managed Infrastructure, Microsoft 365, Azure Migration, IT-Consulting und Support. Professionelle IT-Lösungen aus Zürich.",48,156
8,/technologies,TechnologiesPage,"IT-Technologien & Lösungen - Square IT","Moderne IT-Technologien von Square IT: Microsoft 365, Azure, Backup-Lösungen, Netzwerktechnik und Sicherheitslösungen für Ihr Unternehmen.",42,152
9,/it-calculator,ITCalculatorPage,"IT-Kosten Rechner - Square IT Zürich","Berechnen Sie Ihre IT-Kosten mit unserem kostenlosen IT-Rechner. Ermitteln Sie Einsparpotenziale und optimieren Sie Ihr IT-Budget mit Square IT.",43,151
10,/404,NotFound,"Seite nicht gefunden - Square IT","Die angeforderte Seite wurde nicht gefunden. Kehren Sie zur Square IT Startseite zurück oder nutzen Sie unsere Navigation.",37,140
11,/industries/finance,FinancePage,"IT für Finanzwesen - Square IT Zürich","Spezialisierte IT-Lösungen für Finanzunternehmen: Compliance, Sicherheit und regulatorische Anforderungen. Vertrauen Sie auf Square IT Expertise.",38,152
12,/industries/healthcare,HealthcarePage,"IT für Gesundheitswesen - Square IT Zürich","IT-Lösungen für das Gesundheitswesen: Datenschutz, Compliance und sichere Systeme für Praxen und Kliniken von Square IT.",42,143
13,/industries/ngo,NGOPage,"IT für NGOs - Square IT Zürich","Kosteneffiziente IT-Lösungen für NGOs und Non-Profit-Organisationen: Cloud-Services, Kollaborationstools und IT-Support von Square IT.",31,147
14,/industries/schools,SchoolsPage,"IT für Schulen - Square IT Zürich","Moderne IT-Lösungen für Bildungseinrichtungen: Digitale Klassenzimmer, Office 365 Education und sichere Netzwerke von Square IT.",35,146
15,/industries/trustees,TrusteesPage,"IT für Treuhänder - Square IT Zürich","Spezialisierte IT-Lösungen für Treuhänder: Datensicherheit, Compliance und effiziente Arbeitsabläufe mit Square IT Expertise.",37,140
16,/services/azure-migration,AzureMigrationPage,"Azure Migration Services - Square IT Zürich","Professionelle Azure Migration von Square IT: Sichere Cloud-Migration, Kostenoptimierung und nahtlose Übertragung Ihrer IT-Infrastruktur.",41,148
17,/services/cloud-security,CloudSecurityPage,"Cloud Security Services - Square IT Zürich","Umfassende Cloud-Sicherheitslösungen von Square IT: Schutz vor Cyber-Bedrohungen, Compliance und sichere Cloud-Infrastruktur.",40,146
18,/services/collaboration,CollaborationPage,"Microsoft Teams & Kollaboration - Square IT","Optimieren Sie Ihre Teamarbeit mit Microsoft Teams und Kollaborationslösungen von Square IT. Professionelle Beratung und Implementation.",46,143
19,/services/consulting,ConsultingPage,"IT-Consulting Services - Square IT Zürich","Strategische IT-Beratung von Square IT: Digitale Transformation, IT-Strategie und Technologie-Roadmaps für nachhaltigen Geschäftserfolg.",42,149
20,/services/m365-migration,M365MigrationPage,"Microsoft 365 Migration - Square IT Zürich","Professionelle Microsoft 365 Migration von Square IT: Sichere Datenübertragung, Benutzer-Training und nahtlose Integration in Ihr Unternehmen.",44,152
21,/services/managed-backup,ManagedBackupPage,"Managed Backup Services - Square IT Zürich","Zuverlässige Backup-Lösungen von Square IT: Automatisierte Datensicherung, Disaster Recovery und 24/7 Monitoring für Ihre Datensicherheit.",43,153
22,/services/managed-infrastructure,ManagedInfrastructurePage,"Managed Infrastructure - Square IT Zürich","Professionelle IT-Infrastruktur-Services von Square IT: Server-Management, Netzwerk-Überwachung und proaktive Wartung für optimale Performance.",48,156
23,/services/managed-network,ManagedNetworkPage,"Managed Network Services Zürich | Square IT","Managed Network Services von Square IT: WLAN-Management, Netzwerksicherheit und Performance-Optimierung für Ihr Unternehmen. Professionelle Netzwerk-Infrastruktur.",48,176
24,/services/managed-servers,ManagedServersPage,"Managed Server Services - Square IT Zürich","Professionelle Server-Verwaltung von Square IT: 24/7 Überwachung, Wartung und Support für maximale Verfügbarkeit Ihrer Server-Infrastruktur.",44,155
25,/services/managed-services,ManagedServicesPage,"Managed IT Services - Square IT Zürich","Umfassende Managed IT Services von Square IT: Proaktive IT-Betreuung, 24/7 Support und strategische IT-Planung für optimale Geschäftsabläufe.",41,154
26,/services/managed-workplace,ManagedWorkplacePage,"Managed Workplace Services - Square IT Zürich","Moderne Arbeitsplatz-Lösungen von Square IT: Microsoft 365, Device Management und digitale Transformation für produktive Teams.",44,144
27,/services/migration,MigrationPage,"IT-Migration Services - Square IT Zürich","Professionelle IT-Migrationsdienste von Square IT: Cloud-Migration, Server-Umzüge und Datenübertragung mit minimalen Ausfallzeiten.",40,147
28,/services/modern-workplace,ModernWorkplacePage,"Modern Workplace Lösungen - Square IT Zürich","Digitale Arbeitsplätze mit Square IT: Microsoft 365, Teams, mobile Lösungen und Cloud-Integration für moderne, flexible Arbeitsweisen.",44,148
29,/services/security-awareness,SecurityAwarenessPage,"Security Awareness Training - Square IT","Cyber-Sicherheits-Schulungen von Square IT: Mitarbeiter-Training, Phishing-Simulation und Sicherheitsbewusstsein für Ihr Unternehmen stärken.",41,152
30,/services/sharepoint-teams-migration,SharePointTeamsMigrationPage,"SharePoint & Teams Migration - Square IT","Professionelle SharePoint und Teams Migration von Square IT: Sichere Datenübertragung und nahtlose Integration für effiziente Zusammenarbeit.",48,153
31,/services/support,SupportPage,"IT-Support Services - Square IT Zürich","Zuverlässiger IT-Support von Square IT: Helpdesk, Remote-Support und Vor-Ort-Service für schnelle Problemlösung und minimale Ausfallzeiten.",37,152
32,/services/teams-telephone,TeamstelephonePage,"Microsoft Teams Telefonie - Square IT Zürich","Microsoft Teams Telefonie von Square IT: Moderne Cloud-Telefonie, Integration und professionelle VoIP-Lösungen für Ihr Unternehmen.",44,144
33,/services/workshop,WorkshopPage,"IT-Workshops & Schulungen - Square IT","IT-Workshops und Schulungen von Square IT: Praxisnahe Weiterbildung zu Microsoft 365, Teams, SharePoint und modernen Arbeitsplätzen.",37,149
34,/technologies/avepoint-backup,AvePointBackupPage,"AvePoint Backup Lösungen - Square IT Zürich","AvePoint Backup-Lösungen von Square IT: Umfassender Schutz für Microsoft 365 Daten mit automatisierten Backups und schneller Wiederherstellung.",44,154
35,/technologies/cato-networks,CatoNetworksPage,"Cato Networks SASE - Square IT Zürich","Cato Networks SASE-Lösungen von Square IT: Sichere Cloud-Netzwerke, SD-WAN und integrierte Sicherheit für moderne Unternehmen.",38,141
36,/technologies/cloud,CloudPage,"Cloud Computing Lösungen - Square IT Zürich","Cloud-Lösungen von Square IT: Microsoft Azure, AWS, Hybrid Cloud und Migration für skalierbare, sichere IT-Infrastrukturen.",43,140
37,/technologies/database,DatabasePage,"Datenbank Services - Square IT Zürich","Professionelle Datenbank-Services von Square IT: SQL Server, MySQL, PostgreSQL Management, Backup und Performance-Optimierung.",37,144
38,/technologies/infrastructure,InfrastructurePage,"IT-Infrastruktur Services - Square IT Zürich","Moderne IT-Infrastruktur von Square IT: Server, Netzwerke, Virtualisierung und Cloud-Integration für stabile, skalierbare Systeme.",44,146
39,/technologies/keeper,KeeperPage,"Keeper Password Manager - Square IT Zürich","Keeper Password Manager von Square IT: Sichere Passwort-Verwaltung, Multi-Faktor-Authentifizierung und Schutz vor Cyber-Bedrohungen.",42,146
40,/technologies/microsoft-365,Microsoft365Page,"Microsoft 365 Lösungen - Square IT Zürich","Microsoft 365 Services von Square IT: Implementation, Migration, Training und Support für optimale Produktivität und Zusammenarbeit.",42,147
41,/technologies/microsoft-azure,MicrosoftAzurePage,"Microsoft Azure Services - Square IT Zürich","Microsoft Azure Cloud-Services von Square IT: Migration, Implementation, Management und Optimierung für skalierbare Cloud-Lösungen.",43,148
42,/technologies/networking,NetworkingPage,"Netzwerk Technologien - Square IT Zürich","Moderne Netzwerk-Technologien von Square IT: WLAN, LAN, Firewall, VPN und Netzwerksicherheit für zuverlässige Konnektivität.",39,146
43,/technologies/peoplefone,PeoplefonePage,"Peoplefone VoIP Telefonie - Square IT Zürich","Peoplefone VoIP-Telefonie von Square IT: Moderne Cloud-Telefonie, SIP-Trunking und Kommunikationslösungen für Schweizer Unternehmen.",44,152
44,/technologies/printix,PrintixPage,"Printix Cloud Printing - Square IT Zürich","Printix Cloud-Drucklösungen von Square IT: Zentrale Druckerverwaltung, sichere Druckaufträge und kosteneffiziente Print-Services.",40,147
45,/technologies/robopack,RobopackPage,"Robopack Backup Lösungen - Square IT Zürich","Robopack Backup-Lösungen von Square IT: Automatisierte Datensicherung, Disaster Recovery und zuverlässige Backup-Strategien.",42,144
46,/technologies/security,SecurityPage,"IT-Sicherheit & Cyber Security - Square IT","Umfassende IT-Sicherheitslösungen von Square IT: Firewall, Endpoint Protection, Cyber Security und Compliance für Ihr Unternehmen.",43,148
47,/technologies/tenant-manager,TenantManagerPage,"Tenant Manager Lösungen - Square IT Zürich","Tenant Manager von Square IT: Effiziente Verwaltung von Microsoft 365 Tenants, Automatisierung und Optimierung für IT-Administratoren.",42,151